version,filename,sha256,origin_path,engine_commit
0015,0015_migrate_idaho_klickitat_to_nwps.sql,da6b18056e2b608927b8fbd1b7fb3468b9ca6d1fdb371e5a933e1e426236f2ef,src/kayak/data/db/migrations/0015_migrate_idaho_klickitat_to_nwps.sql,aa89a6661b8c7e8413f0a8191add913d627c96a7
0017,0017_normalize_agency_and_drop_orphan_nwrfc_xml.sql,8e92df4a6d84ad54ade179ffa319e9b4291872d8807ce6f0c7d97d12c3309ee4,src/kayak/data/db/migrations/0017_normalize_agency_and_drop_orphan_nwrfc_xml.sql,aa89a6661b8c7e8413f0a8191add913d627c96a7
0018,0018_drop_dead_split_sources.sql,d1b51dc343b3eb903dbc0e6050cdcf8ff6371bb6cd1af9753aae0ab21d1da86a,src/kayak/data/db/migrations/0018_drop_dead_split_sources.sql,aa89a6661b8c7e8413f0a8191add913d627c96a7
0019,0019_wire_eugo3_nwrfc_textplot.sql,a002746036c18eed95e4111dc1b325d2d64d0be835be626eb49c7ba6b2234ced,src/kayak/data/db/migrations/0019_wire_eugo3_nwrfc_textplot.sql,aa89a6661b8c7e8413f0a8191add913d627c96a7
0020,0020_relink_orphan_calc_input_sources.sql,15349c645918064a4fc878426c9b1a7c1904e857d2bb8b4866ef63f202468969,src/kayak/data/db/migrations/0020_relink_orphan_calc_input_sources.sql,aa89a6661b8c7e8413f0a8191add913d627c96a7
0021,0021_resolve_orphan_sources.sql,1b885a857a22beee2db9450bee64d5b10e4a5237bc3cff2354521bd3e6ec9fa4,src/kayak/data/db/migrations/0021_resolve_orphan_sources.sql,aa89a6661b8c7e8413f0a8191add913d627c96a7
0023,0023_drop_usace_merge_target_sources.sql,d625e7f7006b60bbefe6e54ae34d585d2776e884b21b32e4c6cce4c18b00e2de,src/kayak/data/db/migrations/0023_drop_usace_merge_target_sources.sql,aa89a6661b8c7e8413f0a8191add913d627c96a7
0024,0024_wire_irgc1_nwps.sql,d828c1c7a64d71ce2d7477487b172fb26c7d383396cee9ffc21c6cda3447629d,src/kayak/data/db/migrations/0024_wire_irgc1_nwps.sql,aa89a6661b8c7e8413f0a8191add913d627c96a7
0026,0026_drop_wcfo3.sql,49a96301d87c278a377b3897e153f0c95ced101ff0f8de5503e208efeb44247b,src/kayak/data/db/migrations/0026_drop_wcfo3.sql,aa89a6661b8c7e8413f0a8191add913d627c96a7
0027,0027_wire_pacificorp_and_rogue_above_prospect.sql,6e69a2628f6663178f62f3f85d83f45342799ab77a9ab95c08d5a6799fa2fb37,src/kayak/data/db/migrations/0027_wire_pacificorp_and_rogue_above_prospect.sql,aa89a6661b8c7e8413f0a8191add913d627c96a7
0029,0029_drift_alsea_refit.sql,863705a2fd3021b4037f67386e7558b02a1578a0a99d4071084087fe5361669c,src/kayak/data/db/migrations/0029_drift_alsea_refit.sql,aa89a6661b8c7e8413f0a8191add913d627c96a7
0030,0030_nf_alsea_refit.sql,07aa6964fc7afe0d032a59dc6c2724445088c35d8016967f1fe9a27e78b9c46c,src/kayak/data/db/migrations/0030_nf_alsea_refit.sql,aa89a6661b8c7e8413f0a8191add913d627c96a7
0031,0031_sf_alsea_refit.sql,8649a6ae48be3a109c1ee06496ffc0039d80f4ae222e306c06fdaf58a2c4d116,src/kayak/data/db/migrations/0031_sf_alsea_refit.sql,aa89a6661b8c7e8413f0a8191add913d627c96a7
0032,0032_calapooia_refit.sql,e64cf04218574311eb492700568ed4f8883581faa7326c7a0be16646c8e0b1ff,src/kayak/data/db/migrations/0032_calapooia_refit.sql,aa89a6661b8c7e8413f0a8191add913d627c96a7
0033,0033_sunshine_refit.sql,4a9914af52b7764714dbccbabb2c27e04fa9a4bc6b37688b5733820d3bca1de3,src/kayak/data/db/migrations/0033_sunshine_refit.sql,aa89a6661b8c7e8413f0a8191add913d627c96a7
0034,0034_white_drop_calc_use_usgs.sql,a77e6480d202bedbe05e48879240612d0ce586285079ef196067ca105dfbad5e,src/kayak/data/db/migrations/0034_white_drop_calc_use_usgs.sql,aa89a6661b8c7e8413f0a8191add913d627c96a7
0035,0035_salmon_refit.sql,8e793b7fe7db3aa6db80ec278a8165464c25f41ccd2d34cb160a8f44af9e51c2,src/kayak/data/db/migrations/0035_salmon_refit.sql,aa89a6661b8c7e8413f0a8191add913d627c96a7
0036,0036_montana_usgs_gauges.sql,f8f0cb88fce98fed51eeb01519c1526dd6f143ed003ee9327fefe5498c527f9c,src/kayak/data/db/migrations/0036_montana_usgs_gauges.sql,aa89a6661b8c7e8413f0a8191add913d627c96a7
0037,0037_mckenzie_bridge_calc.sql,aaeae68d893032bac34de3f068f2b90e67942e385182744a7f36a0a714600133,src/kayak/data/db/migrations/0037_mckenzie_bridge_calc.sql,aa89a6661b8c7e8413f0a8191add913d627c96a7
0038,0038_horse_creek_calc.sql,1b7f1faedf4c6b068f8d653d8c590a5acb50049528f51067cc7613d9158ebbf0,src/kayak/data/db/migrations/0038_horse_creek_calc.sql,aa89a6661b8c7e8413f0a8191add913d627c96a7
0039,0039_horse_creek_reach.sql,8a64769d342a7a3cd46fe78f7f70e4ae4b347a7adb904e37fb00f279993eb9ba,src/kayak/data/db/migrations/0039_horse_creek_reach.sql,aa89a6661b8c7e8413f0a8191add913d627c96a7
0040,0040_horse_creek_reach_links.sql,b795e618cadda1e52216658daf0bb7a7214c10c660751b18affa6304c992ef60,src/kayak/data/db/migrations/0040_horse_creek_reach_links.sql,aa89a6661b8c7e8413f0a8191add913d627c96a7
0041,0041_horse_creek_strip_linestring_wrapper.sql,3fb5d7f35123be1f0cb55ec198ffd84daa6f70d625871b91d0369a9d565fd64e,src/kayak/data/db/migrations/0041_horse_creek_strip_linestring_wrapper.sql,aa89a6661b8c7e8413f0a8191add913d627c96a7
0042,0042_klickitat_retrace.sql,f94463b739bed6963582c7a3c5981db3f64c0fc0a9761330cd8cae31547ddef5,src/kayak/data/db/migrations/0042_klickitat_retrace.sql,aa89a6661b8c7e8413f0a8191add913d627c96a7
0043,0043_south_santiam_and_sf_owyhee_takeouts.sql,1060cb25dafa144c435a32323d1007bf4b7811656e08abeaeede195189be6935,src/kayak/data/db/migrations/0043_south_santiam_and_sf_owyhee_takeouts.sql,aa89a6661b8c7e8413f0a8191add913d627c96a7
0044,0044_rogue_takeout_retrace.sql,5cd5c84f2d5f90c4c26f0dce4c61bfc45e124a1a8dd4dc4a2de0f02f187d0ba9,src/kayak/data/db/migrations/0044_rogue_takeout_retrace.sql,aa89a6661b8c7e8413f0a8191add913d627c96a7
0046,0046_reach_max_gradient_backfill.sql,5141251c8008cab18b56a1801d18ea7ce1580f17c39904c052319466cb3ecaeb,src/kayak/data/db/migrations/0046_reach_max_gradient_backfill.sql,aa89a6661b8c7e8413f0a8191add913d627c96a7
0047,0047_sf_wilson_putin_drop_lake.sql,dacf8b387a713cb505243bcade0a3922fef4feeb6ccb2eceb5a4a2e6fe5967d8,src/kayak/data/db/migrations/0047_sf_wilson_putin_drop_lake.sql,aa89a6661b8c7e8413f0a8191add913d627c96a7
0048,0048_sf_wilson_putin_drop_cascade.sql,d5dd69eca211893f79f97ad249dd7c4d72090ff44eb7c861ed089492fdc00cef,src/kayak/data/db/migrations/0048_sf_wilson_putin_drop_cascade.sql,aa89a6661b8c7e8413f0a8191add913d627c96a7
0049,0049_reach_endpoint_corrections.sql,a635953fec5c5fb2819f5d1f9f8a2b3f0e0f0969ce5c69f7b512dae46f18e961,src/kayak/data/db/migrations/0049_reach_endpoint_corrections.sql,aa89a6661b8c7e8413f0a8191add913d627c96a7
0050,0050_missouri_takeout_above_dam.sql,b7b0208afcdabcb2345093cbd5af394de2bda4607284c8bf6a6fd3f0b13746b8,src/kayak/data/db/migrations/0050_missouri_takeout_above_dam.sql,aa89a6661b8c7e8413f0a8191add913d627c96a7
0052,0052_snap_canyon_reaches.sql,d3453accc29b5634feab328ecc2689c1f02acd8f46fd09e4c8055e9b1926449b,src/kayak/data/db/migrations/0052_snap_canyon_reaches.sql,aa89a6661b8c7e8413f0a8191add913d627c96a7
0053,0053_nf_rogue_rename_putin_snap.sql,977856562f1f5c5e5394f5a45e7bc855bb75ac174a26a700b58110cc9b466dd0,src/kayak/data/db/migrations/0053_nf_rogue_rename_putin_snap.sql,aa89a6661b8c7e8413f0a8191add913d627c96a7
0054,0054_extreme_peak_round_2.sql,33174bd7d7189a71a15621b0eef21ca5f5bf3d3820b431b3c4430b83aaacefec,src/kayak/data/db/migrations/0054_extreme_peak_round_2.sql,aa89a6661b8c7e8413f0a8191add913d627c96a7
0055,0055_extreme_peak_round_3.sql,e9ff5a1559faa4d15668f04130970526fb5caf51b4f8d0c126246996e93039d0,src/kayak/data/db/migrations/0055_extreme_peak_round_3.sql,aa89a6661b8c7e8413f0a8191add913d627c96a7
0056,0056_snap_two_more_canyon_traces.sql,db603d0a4ed92dd2f70a447642deb4969993eeb3d7b0f3c9e0390c4b49f80dfc,src/kayak/data/db/migrations/0056_snap_two_more_canyon_traces.sql,aa89a6661b8c7e8413f0a8191add913d627c96a7
0057,0057_sf_mckenzie_putin_snap.sql,ebd971c48fb79de6836d05a43217c5f64fbaf9f17b4b74dcf3033de487b9898f,src/kayak/data/db/migrations/0057_sf_mckenzie_putin_snap.sql,aa89a6661b8c7e8413f0a8191add913d627c96a7
0058,0058_lift_gradient_unreliable.sql,b07b119daca2ba5076663ca8460d6574c6f8390dd288e1ad139953378616f1fd,src/kayak/data/db/migrations/0058_lift_gradient_unreliable.sql,aa89a6661b8c7e8413f0a8191add913d627c96a7
0059,0059_restore_lifted_gradients.sql,001625e7dadb0541c2587f3ab57714d01076b3fec8a39767facb8a9583351d47,src/kayak/data/db/migrations/0059_restore_lifted_gradients.sql,aa89a6661b8c7e8413f0a8191add913d627c96a7
0060,0060_align_gradient_unreliable_134_186.sql,bbcb325e36b6b676f6854aa4d24e9d93696cc72f49d1455a79ccafcea146fa12,src/kayak/data/db/migrations/0060_align_gradient_unreliable_134_186.sql,aa89a6661b8c7e8413f0a8191add913d627c96a7
0061,0061_trim_huc_name_to_read_levels.sql,22d1c942ec34aea3f4f9992b6da4796397baa8bc4c6bd46ca50480580dd26aa8,src/kayak/data/db/migrations/0061_trim_huc_name_to_read_levels.sql,aa89a6661b8c7e8413f0a8191add913d627c96a7
0062,0062_normalize_source_agency.sql,c8d5f00bf67a7375deb36c55f8ad75447824890da207ce2934b1fcb8440ba45e,src/kayak/data/db/migrations/0062_normalize_source_agency.sql,aa89a6661b8c7e8413f0a8191add913d627c96a7
0063,0063_wire_green_peter_outflow_nwrfc.sql,20b0403180775b8f90a48895511eb953c37a517910df6dd905ff509432d97702,src/kayak/data/db/migrations/0063_wire_green_peter_outflow_nwrfc.sql,aa89a6661b8c7e8413f0a8191add913d627c96a7
0064,0064_normalize_agency_pacificorp_usace.sql,a67356824859054d4ab2d455f0b0f36f2d010d62cb9cb6e756625238b643a883,src/kayak/data/db/migrations/0064_normalize_agency_pacificorp_usace.sql,aa89a6661b8c7e8413f0a8191add913d627c96a7
0065,0065_split_usgs_sources.sql,1a48a6429610be5e8b175d2dcfbba6105a95415d11f55f11ddc4e63720aa9451,src/kayak/data/db/migrations/0065_split_usgs_sources.sql,aa89a6661b8c7e8413f0a8191add913d627c96a7
0066,0066_wire_columbia_usgs_gauges.sql,8f1fa7dbfb61e0ea8ad61a295a09c61978add9e1e348168184f7fb34837fa844,src/kayak/data/db/migrations/0066_wire_columbia_usgs_gauges.sql,aa89a6661b8c7e8413f0a8191add913d627c96a7
0067,0067_wire_lewis_reaches.sql,6fa57430564a9546b785e9f62151ee2f028c6ffc17d435d7090c8d43f97beb70,src/kayak/data/db/migrations/0067_wire_lewis_reaches.sql,aa89a6661b8c7e8413f0a8191add913d627c96a7
0068,0068_wire_crooked_basin.sql,4675d2de20d88a6eccdc7c7680c0cd2a0ae05c22ee5981a49c319f917c094566,src/kayak/data/db/migrations/0068_wire_crooked_basin.sql,aa89a6661b8c7e8413f0a8191add913d627c96a7
0069,0069_wire_usace_columbia_dam_outflow.sql,147b6c8f6b22a4a7358870ac4343dfffe8a32b46d2e40d210567d78f1465caf5,src/kayak/data/db/migrations/0069_wire_usace_columbia_dam_outflow.sql,aa89a6661b8c7e8413f0a8191add913d627c96a7
0070,0070_wire_columbia_nws_stage_gauges.sql,0157a0bd7811ad44d70f3ce749486cac1cfc1d4f1fceabb2364d8ddcbdd69d06,src/kayak/data/db/migrations/0070_wire_columbia_nws_stage_gauges.sql,aa89a6661b8c7e8413f0a8191add913d627c96a7
0071,0071_drop_bridgeport_gauge.sql,0c52e1746cfe85f82e97df8900162a5f16fae8eeb849f4da8f425c81f7e6590f,src/kayak/data/db/migrations/0071_drop_bridgeport_gauge.sql,aa89a6661b8c7e8413f0a8191add913d627c96a7
0072,0072_rename_wa_gov_sources_by_filename.sql,4cd3f0db4ca381b41c9b617680c0e98143a39506c161e15fe1a19a5e2298058d,src/kayak/data/db/migrations/0072_rename_wa_gov_sources_by_filename.sql,aa89a6661b8c7e8413f0a8191add913d627c96a7
0073,0073_name_remaining_reaches.sql,b958e6ab4489176370c0daf865f8603bf76737e628d9362486e2f1b60bee24a3,src/kayak/data/db/migrations/0073_name_remaining_reaches.sql,aa89a6661b8c7e8413f0a8191add913d627c96a7
0074,0074_disambiguate_duplicate_aw_id_reaches.sql,c8bd043075c23ccab5cc434634e73b365e9200c808ac45fd6cefeb3529e1ee08,src/kayak/data/db/migrations/0074_disambiguate_duplicate_aw_id_reaches.sql,aa89a6661b8c7e8413f0a8191add913d627c96a7
